Date,DJIA
12/31/1999,11497.12
1/3/2000,11357.51
1/4/2000,10997.93
1/5/2000,11122.65
1/6/2000,11253.26
1/7/2000,11522.56
1/10/2000,11572.2
1/11/2000,11511.08
1/12/2000,11551.1
1/13/2000,11582.43
1/14/2000,11722.98
1/18/2000,11560.72
1/19/2000,11489.36
1/20/2000,11351.3
1/21/2000,11251.71
1/24/2000,11008.17
1/25/2000,11029.89
1/26/2000,11032.99
1/27/2000,11028.02
1/28/2000,10738.87
1/31/2000,10940.53
2/1/2000,11041.05
2/2/2000,11003.2
2/3/2000,11013.44
2/4/2000,10963.8
2/7/2000,10905.79
2/8/2000,10957.6
2/9/2000,10699.16
2/10/2000,10643.63
2/11/2000,10425.21
2/14/2000,10519.84
2/15/2000,10718.09
2/16/2000,10561.41
2/17/2000,10514.57
2/18/2000,10219.52
2/22/2000,10304.84
2/23/2000,10225.73
2/24/2000,10092.63
2/25/2000,9862.12
2/28/2000,10038.65
2/29/2000,10128.31
3/1/2000,10137.93
3/2/2000,10164.92
3/3/2000,10367.2
3/6/2000,10170.5
3/7/2000,9796.03
3/8/2000,9856.53
3/9/2000,10010.73
3/10/2000,9928.82
3/13/2000,9947.13
3/14/2000,9811.24
3/15/2000,10131.41
3/16/2000,10630.6
3/17/2000,10595.23
3/20/2000,10680.24
3/21/2000,10901.34
3/22/2000,10866.7
3/23/2000,11119.86
3/24/2000,11112.72
3/27/2000,11025.85
3/28/2000,10936.11
3/29/2000,11018.72
3/30/2000,10980.25
3/31/2000,10921.92
4/3/2000,11221.93
4/4/2000,11164.84
4/5/2000,11033.92
4/6/2000,11114.27
4/7/2000,11111.48
4/10/2000,11186.56
4/11/2000,11287.08
4/12/2000,11125.13
4/13/2000,10923.55
4/14/2000,10305.77
4/17/2000,10582.51
4/18/2000,10767.42
4/19/2000,10674.96
4/20/2000,10844.05
4/24/2000,10906.1
4/25/2000,11124.82
4/26/2000,10945.5
4/27/2000,10888.1
4/28/2000,10733.91
5/1/2000,10811.78
5/2/2000,10731.12
5/3/2000,10480.13
5/4/2000,10412.49
5/5/2000,10577.86
5/8/2000,10603.63
5/9/2000,10536.75
5/10/2000,10367.78
5/11/2000,10545.97
5/12/2000,10609.37
5/15/2000,10807.78
5/16/2000,10934.57
5/17/2000,10769.74
5/18/2000,10777.28
5/19/2000,10626.85
5/22/2000,10542.55
5/23/2000,10422.27
5/24/2000,10535.35
5/25/2000,10323.92
5/26/2000,10299.24
5/30/2000,10527.13
5/31/2000,10522.33
6/1/2000,10650.2
6/2/2000,10794.76
6/5/2000,10815.3
6/6/2000,10735.57
6/7/2000,10812.96
6/8/2000,10668.72
6/9/2000,10614.06
6/12/2000,10564.21
6/13/2000,10621.84
6/14/2000,10687.95
6/15/2000,10714.82
6/16/2000,10449.3
6/19/2000,10557.84
6/20/2000,10435.16
6/21/2000,10497.74
6/22/2000,10376.12
6/23/2000,10404.75
6/26/2000,10542.99
6/27/2000,10504.46
6/28/2000,10527.79
6/29/2000,10398.04
6/30/2000,10447.89
7/3/2000,10560.67
7/5/2000,10483.6
7/6/2000,10481.47
7/7/2000,10635.98
7/10/2000,10646.58
7/11/2000,10727.19
7/12/2000,10783.41
7/13/2000,10788.71
7/14/2000,10812.75
7/17/2000,10804.27
7/18/2000,10739.92
7/19/2000,10696.08
7/20/2000,10843.87
7/21/2000,10733.56
7/24/2000,10685.12
7/25/2000,10699.97
7/26/2000,10516.48
7/27/2000,10586.13
7/28/2000,10511.17
7/31/2000,10521.98
8/1/2000,10606.95
8/2/2000,10687.53
8/3/2000,10706.58
8/4/2000,10767.75
8/7/2000,10867.01
8/8/2000,10976.89
8/9/2000,10905.83
8/10/2000,10908.76
8/11/2000,11027.8
8/14/2000,11176.14
8/15/2000,11067
8/16/2000,11008.39
8/17/2000,11055.64
8/18/2000,11046.48
8/21/2000,11079.81
8/22/2000,11139.15
8/23/2000,11144.65
8/24/2000,11182.74
8/25/2000,11192.63
8/28/2000,11252.84
8/29/2000,11215.1
8/30/2000,11103.01
8/31/2000,11215.1
9/1/2000,11238.78
9/5/2000,11260.61
9/6/2000,11310.64
9/7/2000,11259.87
9/8/2000,11220.65
9/11/2000,11195.49
9/12/2000,11233.23
9/13/2000,11182.18
9/14/2000,11087.47
9/15/2000,10927.06
9/18/2000,10808.52
9/19/2000,10789.29
9/20/2000,10687.92
9/21/2000,10765.52
9/22/2000,10847.37
9/25/2000,10808.15
9/26/2000,10631.32
9/27/2000,10628.36
9/28/2000,10824.06
9/29/2000,10650.92
10/2/2000,10700.13
10/3/2000,10719.74
10/4/2000,10784.48
10/5/2000,10724.92
10/6/2000,10596.54
10/9/2000,10568.43
10/10/2000,10524.4
10/11/2000,10413.79
10/12/2000,10034.58
10/13/2000,10192.18
10/16/2000,10238.8
10/17/2000,10089.71
10/18/2000,9975.02
10/19/2000,10142.98
10/20/2000,10226.59
10/23/2000,10271.72
10/24/2000,10393.07
10/25/2000,10326.48
10/26/2000,10380.12
10/27/2000,10590.62
10/30/2000,10835.77
10/31/2000,10971.14
11/1/2000,10899.47
11/2/2000,10880.51
11/3/2000,10817.95
11/6/2000,10977.21
11/7/2000,10952.18
11/8/2000,10907.06
11/9/2000,10834.25
11/10/2000,10602.95
11/13/2000,10517.25
11/14/2000,10681.06
11/15/2000,10707.6
11/16/2000,10656.03
11/17/2000,10629.87
11/20/2000,10462.65
11/21/2000,10494.5
11/22/2000,10399.32
11/24/2000,10470.23
11/27/2000,10546.07
11/28/2000,10507.58
11/29/2000,10629.11
11/30/2000,10414.49
12/1/2000,10373.54
12/4/2000,10560.1
12/5/2000,10898.72
12/6/2000,10664.38
12/7/2000,10617.36
12/8/2000,10712.91
12/11/2000,10725.8
12/12/2000,10768.27
12/13/2000,10794.44
12/14/2000,10674.99
12/15/2000,10434.96
12/18/2000,10645.42
12/19/2000,10584.37
12/20/2000,10318.93
12/21/2000,10487.29
12/22/2000,10635.56
12/26/2000,10692.44
12/27/2000,10803.16
12/28/2000,10868.76
12/29/2000,10786.85
1/2/2001,10646.15
1/3/2001,10945.75
1/4/2001,10912.41
1/5/2001,10662.01
1/8/2001,10621.35
1/9/2001,10572.55
1/10/2001,10604.27
1/11/2001,10609.55
1/12/2001,10525.38
1/16/2001,10652.66
1/17/2001,10584.34
1/18/2001,10678.28
1/19/2001,10587.59
1/22/2001,10578.24
1/23/2001,10649.81
1/24/2001,10646.97
1/25/2001,10729.52
1/26/2001,10659.98
1/29/2001,10702.19
1/30/2001,10881.2
1/31/2001,10887.36
2/1/2001,10983.63
2/2/2001,10864.1
2/5/2001,10965.85
2/6/2001,10957.42
2/7/2001,10946.72
2/8/2001,10880.55
2/9/2001,10781.45
2/12/2001,10946.77
2/13/2001,10903.32
2/14/2001,10795.41
2/15/2001,10891.02
2/16/2001,10799.82
2/20/2001,10730.88
2/21/2001,10526.58
2/22/2001,10526.81
2/23/2001,10441.9
2/26/2001,10642.53
2/27/2001,10636.88
2/28/2001,10495.28
3/1/2001,10450.14
3/2/2001,10466.31
3/3/2001,10532.3
3/6/2001,10591.22
3/7/2001,10729.6
3/8/2001,10858.25
3/9/2001,10644.62
3/12/2001,10208.25
3/13/2001,10290.8
3/14/2001,9973.46
3/15/2001,10031.28
3/16/2001,9823.41
3/19/2001,9959.11
3/20/2001,9720.76
3/21/2001,9487
3/22/2001,9389.48
3/23/2001,9504.78
3/26/2001,9687.53
3/27/2001,9947.54
3/28/2001,9785.35
3/29/2001,9799.06
3/30/2001,9878.78
4/2/2001,9777.93
4/3/2001,9485.71
4/4/2001,9515.42
4/5/2001,9918.05
4/6/2001,9791.09
4/9/2001,9845.15
4/10/2001,10102.74
4/11/2001,10013.47
4/12/2001,10126.94
4/16/2001,10158.56
4/17/2001,10216.73
4/18/2001,10615.83
4/19/2001,10693.71
4/20/2001,10579.85
4/23/2001,10532.23
4/24/2001,10454.34
4/25/2001,10625.7
4/26/2001,10692.35
4/27/2001,10810.05
4/30/2001,10734.97
5/1/2001,10898.34
5/2/2001,10876.68
5/3/2001,10796.65
5/4/2001,10951.24
5/7/2001,10935.17
5/8/2001,10883.51
5/9/2001,10866.98
5/10/2001,10910.44
5/11/2001,10821.31
5/14/2001,10877.33
5/15/2001,10872.97
5/16/2001,11215.92
5/17/2001,11248.58
5/18/2001,11301.74
5/21/2001,11337.92
5/22/2001,11257.24
5/23/2001,11105.51
5/24/2001,11122.42
5/25/2001,11005.37
5/29/2001,11039.14
5/30/2001,10872.64
5/31/2001,10911.94
6/1/2001,10990.41
6/4/2001,11061.52
6/5/2001,11175.84
6/6/2001,11070.24
6/7/2001,11090.74
6/8/2001,10977
6/11/2001,10922.09
6/12/2001,10948.38
6/13/2001,10871.62
6/14/2001,10690.13
6/15/2001,10623.6
6/18/2001,10645.38
6/19/2001,10596.67
6/20/2001,10647.33
6/21/2001,10715.43
6/22/2001,10604.59
6/25/2001,10504.22
6/26/2001,10472.48
6/27/2001,10434.84
6/28/2001,10566.21
6/29/2001,10502.4
7/2/2001,10593.72
7/3/2001,10571.11
7/5/2001,10479.86
7/6/2001,10252.68
7/9/2001,10299.4
7/10/2001,10175.64
7/11/2001,10241.02
7/12/2001,10478.99
7/13/2001,10539.06
7/16/2001,10472.12
7/17/2001,10606.39
7/18/2001,10569.83
7/19/2001,10610
7/20/2001,10576.65
7/23/2001,10424.42
7/24/2001,10241.12
7/25/2001,10405.67
7/26/2001,10455.63
7/27/2001,10416.67
7/30/2001,10401.72
7/31/2001,10522.81
8/1/2001,10510.01
8/2/2001,10551.18
8/3/2001,10512.78
8/6/2001,10401.31
8/7/2001,10458.74
8/8/2001,10293.5
8/9/2001,10298.56
8/10/2001,10416.25
8/13/2001,10415.91
8/14/2001,10412.17
8/15/2001,10345.95
8/16/2001,10392.52
8/17/2001,10240.78
8/20/2001,10320.07
8/21/2001,10174.14
8/22/2001,10276.9
8/23/2001,10229.15
8/24/2001,10423.17
8/27/2001,10382.35
8/28/2001,10222.03
8/29/2001,10090.9
8/30/2001,9918.58
8/31/2001,9949.75
9/4/2001,9997.49
9/5/2001,10032.27
9/6/2001,9840.84
9/7/2001,9605.85
9/10/2001,9605.51
9/17/2001,8920.7
9/18/2001,8903.4
9/19/2001,8759.13
9/20/2001,8376.21
9/21/2001,8235.81
9/24/2001,8603.86
9/25/2001,8659.97
9/26/2001,8567.39
9/27/2001,8681.42
9/28/2001,8847.56
10/1/2001,8836.83
10/2/2001,8950.59
10/3/2001,9123.78
10/4/2001,9060.88
10/5/2001,9119.77
10/8/2001,9067.94
10/9/2001,9052.44
10/10/2001,9240.86
10/11/2001,9410.45
10/12/2001,9344.16
10/15/2001,9347.62
10/16/2001,9384.23
10/17/2001,9232.97
10/18/2001,9163.22
10/19/2001,9204.11
10/22/2001,9377.03
10/23/2001,9340.08
10/24/2001,9345.62
10/25/2001,9462.9
10/26/2001,9545.17
10/29/2001,9269.5
10/30/2001,9121.98
10/31/2001,9075.14
11/1/2001,9263.9
11/2/2001,9323.54
11/5/2001,9441.03
11/6/2001,9591.12
11/7/2001,9554.37
11/8/2001,9587.52
11/9/2001,9608
11/12/2001,9554.37
11/13/2001,9750.95
11/14/2001,9823.61
11/15/2001,9872.39
11/16/2001,9866.99
11/19/2001,9976.46
11/20/2001,9901.38
11/21/2001,9834.68
11/23/2001,9959.71
11/26/2001,9982.75
11/27/2001,9872.6
11/28/2001,9711.86
11/29/2001,9829.42
11/30/2001,9851.56
12/3/2001,9736.96
12/4/2001,9893.84
12/5/2001,10114.29
12/6/2001,10099.14
12/7/2001,10049.46
12/10/2001,9921.45
12/11/2001,9888.37
12/12/2001,9894.81
12/13/2001,9766.45
12/14/2001,9811.15
12/17/2001,9891.97
12/18/2001,9998.39
12/19/2001,10070.49
12/20/2001,9985.18
12/21/2001,10035.34
12/24/2001,10035.34
12/26/2001,10088.14
12/27/2001,10131.81
12/28/2001,10136.99
12/31/2001,10021.5
1/2/2002,10073.4
1/3/2002,10172.14
1/4/2002,10259.74
1/7/2002,10197.05
1/8/2002,10150.55
1/9/2002,10094.09
1/10/2002,10067.86
1/11/2002,9987.53
1/14/2002,9891.42
1/15/2002,9924.15
1/16/2002,9712.27
1/17/2002,9850.04
1/18/2002,9771.85
1/22/2002,9713.8
1/23/2002,9730.96
1/24/2002,9796.07
1/25/2002,9840.08
1/28/2002,9865.75
1/29/2002,9618.24
1/30/2002,9762.86
1/31/2002,9920
2/1/2002,9907.26
2/4/2002,9687.09
2/5/2002,9685.43
2/6/2002,9653.39
2/7/2002,9625.44
2/8/2002,9744.24
2/11/2002,9884.78
2/12/2002,9863.74
2/13/2002,9989.67
2/14/2002,10001.99
2/15/2002,9903.04
2/19/2002,9745.14
2/20/2002,9941.17
2/21/2002,9834.68
2/22/2002,9968.15
2/25/2002,10145.71
2/26/2002,10115.26
2/27/2002,10127.5
2/28/2002,10106.13
3/1/2002,10368.86
3/4/2002,10586.82
3/5/2002,10433.41
3/6/2002,10574.29
3/7/2002,10525.37
3/8/2002,10572.49
3/11/2002,10611.24
3/12/2002,10632.35
3/13/2002,10501.85
3/14/2002,10517.14
3/15/2002,10607.23
3/18/2002,10577.75
3/19/2002,10635.25
3/20/2002,10501.57
3/21/2002,10479.84
3/22/2002,10427.67
3/25/2002,10281.67
3/26/2002,10353.36
3/27/2002,10426.91
3/28/2002,10403.94
4/1/2002,10362.7
4/2/2002,10313.71
4/3/2002,10198.29
4/4/2002,10235.17
4/5/2002,10271.64
4/8/2002,10249.08
4/9/2002,10208.67
4/10/2002,10381.73
4/11/2002,10176.08
4/12/2002,10190.82
4/15/2002,10093.67
4/16/2002,10301.32
4/17/2002,10220.78
4/18/2002,10205.28
4/19/2002,10257.11
4/22/2002,10136.43
4/23/2002,10089.24
4/24/2002,10030.43
4/25/2002,10035.06
4/26/2002,9910.72
4/29/2002,9819.87
4/30/2002,9946.22
5/1/2002,10059.63
5/2/2002,10091.87
5/3/2002,10006.63
5/6/2002,9804.04
5/7/2002,9836.55
5/8/2002,10141.83
5/9/2002,10037.42
5/10/2002,9939.92
5/13/2002,10109.66
5/14/2002,10298.14
5/15/2002,10243.68
5/16/2002,10289.21
5/17/2002,10353.48
5/20/2002,10229.5
5/21/2002,10105.71
5/22/2002,10157.88
5/23/2002,10216.08
5/24/2002,10104.26
5/28/2002,9981.58
5/29/2002,9923.04
5/30/2002,9911.69
5/31/2002,9925.25
6/3/2002,9709.79
6/4/2002,9687.84
6/5/2002,9796.8
6/6/2002,9624.64
6/7/2002,9589.67
6/10/2002,9645.4
6/11/2002,9517.26
6/12/2002,9617.71
6/13/2002,9502.8
6/14/2002,9474.21
6/17/2002,9687.42
6/18/2002,9706.12
6/19/2002,9561.57
6/20/2002,9431.77
6/21/2002,9253.79
6/24/2002,9281.82
6/25/2002,9126.82
6/26/2002,9120.11
6/27/2002,9269.92
6/28/2002,9243.26
7/1/2002,9109.79
7/2/2002,9007.75
7/3/2002,9054.97
7/5/2002,9379.5
7/8/2002,9274.9
7/9/2002,9096.09
7/10/2002,8813.5
7/11/2002,8801.53
7/12/2002,8684.53
7/15/2002,8639.19
7/16/2002,8473.11
7/17/2002,8542.48
7/18/2002,8409.49
7/19/2002,8019.26
7/22/2002,7784.58
7/23/2002,7702.34
7/24/2002,8191.29
7/25/2002,8186.31
7/26/2002,8264.39
7/29/2002,8711.88
7/30/2002,8680.03
7/31/2002,8736.59
8/1/2002,8506.62
8/2/2002,8313.13
8/5/2002,8043.63
8/6/2002,8274.09
8/7/2002,8456.15
8/8/2002,8712.02
8/9/2002,8745.45
8/12/2002,8688.89
8/13/2002,8482.39
8/14/2002,8743.31
8/15/2002,8818.14
8/16/2002,8778.06
8/19/2002,8990.79
8/20/2002,8872.07
8/21/2002,8957.23
8/22/2002,9053.64
8/23/2002,8872.96
8/26/2002,8919.01
8/27/2002,8824.41
8/28/2002,8694.09
8/29/2002,8670.99
8/30/2002,8663.5
9/3/2002,8308.05
9/4/2002,8425.12
9/5/2002,8283.7
9/6/2002,8427.2
9/9/2002,8519.38
9/10/2002,8602.61
9/11/2002,8581.17
9/12/2002,8379.41
9/13/2002,8312.69
9/16/2002,8380.18
9/17/2002,8207.55
9/18/2002,8172.45
9/19/2002,7942.39
9/20/2002,7986.02
9/23/2002,7872.15
9/24/2002,7683.13
9/25/2002,7481.82
9/26/2002,7997.12
9/27/2002,7701.45
9/30/2002,7591.93
10/1/2002,7938.79
10/2/2002,7755.61
10/3/2002,7717.79
10/4/2002,7528.4
10/7/2002,7422.84
10/8/2002,7501.49
10/9/2002,7286.27
10/10/2002,7533.95
10/11/2002,7850.29
10/14/2002,7877.4
10/15/2002,8255.68
10/16/2002,8036.03
10/17/2002,8275.04
10/18/2002,8322.4
10/21/2002,8538.24
10/22/2002,8450.16
10/23/2002,8494.27
10/24/2002,8317.34
10/25/2002,8443.99
10/28/2002,8368.04
10/29/2002,8368.94
10/30/2002,8427.41
10/31/2002,8397.03
11/1/2002,8517.64
11/4/2002,8571.6
11/5/2002,8678.27
11/6/2002,8771.01
11/7/2002,8586.24
11/8/2002,8537.13
11/11/2002,8358.95
11/12/2002,8386
11/13/2002,8398.49
11/14/2002,8542.13
11/15/2002,8579.09
11/18/2002,8486.57
11/19/2002,8474.78
11/20/2002,8623.01
11/21/2002,8845.15
11/22/2002,8804.84
11/25/2002,8849.4
11/26/2002,8676.42
11/27/2002,8931.68
11/29/2002,8896.09
12/2/2002,8862.57
12/3/2002,8742.93
12/4/2002,8737.85
12/5/2002,8623.28
12/6/2002,8645.77
12/9/2002,8473.41
12/10/2002,8574.26
12/11/2002,8589.14
12/12/2002,8538.4
12/13/2002,8433.71
12/16/2002,8627.4
12/17/2002,8535.89
12/18/2002,8447.35
12/19/2002,8364.8
12/20/2002,8512.01
12/23/2002,8493.29
12/24/2002,8448.11
12/26/2002,8432.61
12/27/2002,8303.78
12/30/2002,8332.85
12/31/2002,8341.63
1/2/2003,8607.52
1/3/2003,8601.69
1/6/2003,8773.57
1/7/2003,8740.59
1/8/2003,8595.31
1/9/2003,8776.18
1/10/2003,8784.89
1/13/2003,8785.98
1/14/2003,8842.62
1/15/2003,8723.18
1/16/2003,8697.87
1/17/2003,8586.74
1/21/2003,8442.9
1/22/2003,8318.73
1/23/2003,8369.47
1/24/2003,8131.01
1/27/2003,7989.56
1/28/2003,8088.84
1/29/2003,8110.71
1/30/2003,7945.13
1/31/2003,8053.81
2/3/2003,8109.82
2/4/2003,8013.29
2/5/2003,7985.18
2/6/2003,7929.3
2/7/2003,7864.23
2/10/2003,7920.11
2/11/2003,7843.11
2/12/2003,7758.17
2/13/2003,7749.87
2/14/2003,7908.8
2/18/2003,8041.15
2/19/2003,8000.6
2/20/2003,7914.96
2/21/2003,8018.11
2/24/2003,7858.24
2/25/2003,7909.5
2/26/2003,7806.98
2/27/2003,7884.99
2/28/2003,7891.08
3/3/2003,7837.86
3/4/2003,7704.87
3/5/2003,7775.6
3/6/2003,7673.99
3/7/2003,7740.03
3/10/2003,7568.18
3/11/2003,7524.06
3/12/2003,7552.07
3/13/2003,7821.75
3/14/2003,7859.71
3/17/2003,8141.92
3/18/2003,8194.23
3/19/2003,8265.45
3/20/2003,8286.6
3/21/2003,8521.97
3/24/2003,8214.68
3/25/2003,8280.23
3/26/2003,8229.88
3/27/2003,8201.45
3/28/2003,8145.77
3/31/2003,7992.13
4/1/2003,8069.86
4/2/2003,8285.06
4/3/2003,8240.38
4/4/2003,8277.15
4/7/2003,8300.41
4/8/2003,8298.92
4/9/2003,8197.94
4/10/2003,8221.33
4/11/2003,8203.41
4/14/2003,8351.1
4/15/2003,8402.36
4/16/2003,8257.61
4/17/2003,8337.65
4/21/2003,8328.9
4/22/2003,8488.99
4/23/2003,8515.66
4/24/2003,8440.04
4/25/2003,8306.35
4/28/2003,8471.61
4/29/2003,8502.99
4/30/2003,8480.09
5/1/2003,8454.25
5/2/2003,8582.68
5/5/2003,8531.57
5/6/2003,8588.36
5/7/2003,8560.63
5/8/2003,8491.22
5/9/2003,8604.6
5/12/2003,8726.73
5/13/2003,8679.25
5/14/2003,8647.82
5/15/2003,8713.14
5/16/2003,8678.97
5/19/2003,8493.39
5/20/2003,8491.36
5/21/2003,8516.43
5/22/2003,8594.02
5/23/2003,8601.38
5/27/2003,8781.35
5/28/2003,8793.12
5/29/2003,8711.18
5/30/2003,8850.26
6/2/2003,8897.81
6/3/2003,8922.95
6/4/2003,9038.98
6/5/2003,9041.3
6/6/2003,9062.79
6/9/2003,8980
6/10/2003,9054.89
6/11/2003,9183.22
6/12/2003,9196.55
6/13/2003,9117.12
6/16/2003,9318.96
6/17/2003,9323.02
6/18/2003,9293.8
6/19/2003,9179.53
6/20/2003,9200.75
6/23/2003,9072.95
6/24/2003,9109.85
6/25/2003,9011.53
6/26/2003,9079.04
6/27/2003,8989.05
6/30/2003,8985.44
7/1/2003,9040.95
7/2/2003,9142.84
7/3/2003,9070.21
7/7/2003,9216.79
7/8/2003,9223.09
7/9/2003,9156.21
7/10/2003,9036.04
7/11/2003,9119.59
7/14/2003,9177.15
7/15/2003,9128.97
7/16/2003,9094.59
7/17/2003,9050.82
7/18/2003,9188.15
7/21/2003,9096.69
7/22/2003,9158.45
7/23/2003,9194.24
7/24/2003,9112.51
7/25/2003,9284.57
7/28/2003,9226.51
7/29/2003,9204.46
7/30/2003,9200.05
7/31/2003,9233.8
8/1/2003,9153.97
8/4/2003,9186.04
8/5/2003,9036.32
8/6/2003,9061.74
8/7/2003,9126.45
8/8/2003,9191.09
8/11/2003,9217.35
8/12/2003,9310.06
8/13/2003,9271.76
8/14/2003,9310.56
8/15/2003,9321.69
8/18/2003,9412.45
8/19/2003,9428.9
8/20/2003,9397.51
8/21/2003,9423.68
8/22/2003,9348.87
8/25/2003,9317.64
8/26/2003,9340.45
8/27/2003,9333.79
8/28/2003,9374.21
8/29/2003,9415.82
9/2/2003,9532.27
9/3/2003,9568.46
9/4/2003,9587.9
9/5/2003,9503.34
9/8/2003,9586.29
9/9/2003,9507.2
9/10/2003,9420.46
9/11/2003,9459.76
9/12/2003,9471.55
9/15/2003,9448.81
9/16/2003,9567.34
9/17/2003,9545.65
9/18/2003,9659.13
9/19/2003,9644.32
9/22/2003,9535.41
9/23/2003,9567.04
9/24/2003,9425.51
9/25/2003,9343.96
9/26/2003,9313.08
9/29/2003,9380.24
9/30/2003,9275.06
10/1/2003,9469.2
10/2/2003,9487.8
10/3/2003,9572.31
10/6/2003,9597.98
10/7/2003,9654.61
10/8/2003,9630.9
10/9/2003,9680.01
10/10/2003,9674.68
10/13/2003,9764.38
10/14/2003,9812.98
10/15/2003,9803.05
10/16/2003,9791.72
10/17/2003,9721.79
10/20/2003,9777.94
10/21/2003,9747.64
10/22/2003,9598.24
10/23/2003,9613.13
10/24/2003,9582.46
10/27/2003,9608.16
10/28/2003,9748.31
10/29/2003,9774.53
10/30/2003,9786.61
10/31/2003,9801.12
11/3/2003,9858.46
11/4/2003,9838.83
11/5/2003,9820.83
11/6/2003,9856.97
11/7/2003,9809.79
11/10/2003,9756.53
11/11/2003,9737.79
11/12/2003,9848.83
11/13/2003,9837.94
11/14/2003,9768.68
11/17/2003,9710.83
11/18/2003,9624.16
11/19/2003,9690.46
11/20/2003,9619.42
11/21/2003,9628.53
11/24/2003,9747.79
11/25/2003,9763.94
11/26/2003,9779.57
11/28/2003,9782.48
12/1/2003,9899.05
12/2/2003,9853.64
12/3/2003,9873.42
12/4/2003,9930.82
12/5/2003,9862.68
12/8/2003,9965.27
12/9/2003,9923.42
12/10/2003,9921.86
12/11/2003,10008.16
12/12/2003,10042.16
12/15/2003,10022.82
12/16/2003,10129.56
12/17/2003,10145.26
12/18/2003,10248.08
12/19/2003,10278.22
12/22/2003,10338
12/23/2003,10341.26
12/24/2003,10305.19
12/26/2003,10324.67
12/29/2003,10450
12/30/2003,10425.04
12/31/2003,10453.92
1/2/2004,10409.85
1/5/2004,10544.07
1/6/2004,10538.66
1/7/2004,10529.03
1/8/2004,10592.44
1/9/2004,10458.89
1/12/2004,10485.18
1/13/2004,10427.18
1/14/2004,10538.37
1/15/2004,10553.85
1/16/2004,10600.51
1/20/2004,10528.66
1/21/2004,10623.62
1/22/2004,10623.18
1/23/2004,10568.29
1/26/2004,10702.51
1/27/2004,10609.92
1/28/2004,10468.37
1/29/2004,10510.49
1/30/2004,10488.07
2/2/2004,10499.18
2/3/2004,10505.18
2/4/2004,10470.74
2/5/2004,10495.55
2/6/2004,10593.03
2/9/2004,10579.03
2/10/2004,10613.85
2/11/2004,10737.7
2/12/2004,10694.07
2/13/2004,10627.85
2/17/2004,10714.88
2/18/2004,10671.99
2/19/2004,10664.73
2/20/2004,10619.03
2/23/2004,10609.62
2/24/2004,10566.37
2/25/2004,10601.62
2/26/2004,10580.14
2/27/2004,10583.92
3/1/2004,10678.14
3/2/2004,10591.48
3/3/2004,10593.11
3/4/2004,10588
3/5/2004,10595.55
3/8/2004,10529.48
3/9/2004,10456.96
3/10/2004,10296.89
3/11/2004,10128.38
3/12/2004,10240.08
3/15/2004,10102.89
3/16/2004,10184.67
3/17/2004,10300.3
3/18/2004,10295.78
3/19/2004,10186.5
3/22/2004,10064.75
3/23/2004,10063.64
3/24/2004,10048.23
3/25/2004,10218.82
3/26/2004,10212.97
3/29/2004,10329.63
3/30/2004,10381.7
3/31/2004,10357.7
4/1/2004,10373.33
4/2/2004,10470.59
4/5/2004,10558.37
4/6/2004,10570.81
4/7/2004,10480.15
4/8/2004,10442.03
4/12/2004,10515.56
4/13/2004,10381.28
4/14/2004,10377.95
4/15/2004,10397.46
4/16/2004,10451.97
4/19/2004,10437.85
4/20/2004,10314.5
4/21/2004,10317.27
4/22/2004,10461.2
4/23/2004,10472.84
4/26/2004,10444.73
4/27/2004,10478.16
4/28/2004,10342.6
4/29/2004,10272.27
4/30/2004,10225.57
5/3/2004,10314
5/4/2004,10317.2
5/5/2004,10310.95
5/6/2004,10241.26
5/7/2004,10117.34
5/10/2004,9990.02
5/11/2004,10019.47
5/12/2004,10045.16
5/13/2004,10010.74
5/14/2004,10012.87
5/17/2004,9906.91
5/18/2004,9968.51
5/19/2004,9937.71
5/20/2004,9937.64
5/21/2004,9966.74
5/24/2004,9958.43
5/25/2004,10117.62
5/26/2004,10109.89
5/27/2004,10205.2
5/28/2004,10188.45
6/1/2004,10202.65
6/2/2004,10262.97
6/3/2004,10195.91
6/4/2004,10242.82
6/7/2004,10391.08
6/8/2004,10432.52
6/9/2004,10368.44
6/10/2004,10410.1
6/14/2004,10334.73
6/15/2004,10380.43
6/16/2004,10379.58
6/17/2004,10377.52
6/18/2004,10416.41
6/21/2004,10371.47
6/22/2004,10395.07
6/23/2004,10479.97
6/24/2004,10443.81
6/25/2004,10371.84
6/28/2004,10357.09
6/29/2004,10413.43
6/30/2004,10435.48
7/1/2004,10334.16
7/2/2004,10282.83
7/6/2004,10219.34
7/7/2004,10240.29
7/8/2004,10171.56
7/9/2004,10213.22
7/12/2004,10238.22
7/13/2004,10247.59
7/14/2004,10208.8
7/15/2004,10163.16
7/16/2004,10139.78
7/19/2004,10094.06
7/20/2004,10149.07
7/21/2004,10046.13
7/22/2004,10050.33
7/23/2004,9962.22
7/26/2004,9961.92
7/27/2004,10085.14
7/28/2004,10117.07
7/29/2004,10129.24
7/30/2004,10139.71
8/2/2004,10179.16
8/3/2004,10120.24
8/4/2004,10126.51
8/5/2004,9963.03
8/6/2004,9815.33
8/9/2004,9814.66
8/10/2004,9947.67
8/11/2004,9938.32
8/12/2004,9814.59
8/13/2004,9825.35
8/16/2004,9954.55
8/17/2004,9972.83
8/18/2004,10083.15
8/19/2004,10040.82
8/20/2004,10110.14
8/23/2004,10073.05
8/24/2004,10098.63
8/25/2004,10181.74
8/26/2004,10173.41
8/27/2004,10195.01
8/30/2004,10122.52
8/31/2004,10173.92
9/1/2004,10168.46
9/2/2004,10290.28
9/3/2004,10260.2
9/7/2004,10342.79
9/8/2004,10313.36
9/9/2004,10289.1
9/10/2004,10313.07
9/13/2004,10314.76
9/14/2004,10318.16
9/15/2004,10231.36
9/16/2004,10244.49
9/17/2004,10284.46
9/20/2004,10204.89
9/21/2004,10244.93
9/22/2004,10109.18
9/23/2004,10038.9
9/24/2004,10047.24
9/27/2004,9988.54
9/28/2004,10077.4
9/29/2004,10136.24
9/30/2004,10080.27
10/1/2004,10192.65
10/4/2004,10216.54
10/5/2004,10177.68
10/6/2004,10239.92
10/7/2004,10125.4
10/8/2004,10055.2
10/11/2004,10081.97
10/12/2004,10077.18
10/13/2004,10002.33
10/14/2004,9894.45
10/15/2004,9933.38
10/18/2004,9956.32
10/19/2004,9897.62
10/20/2004,9886.93
10/21/2004,9865.76
10/22/2004,9757.81
10/25/2004,9749.99
10/26/2004,9888.48
10/27/2004,10002.03
10/28/2004,10004.54
10/29/2004,10027.47
11/1/2004,10054.39
11/2/2004,10035.73
11/3/2004,10137.05
11/4/2004,10314.76
11/5/2004,10378.54
11/8/2004,10391.31
11/9/2004,10386.37
11/10/2004,10385.48
11/11/2004,10469.84
11/12/2004,10539.01
11/15/2004,10550.24
11/16/2004,10487.65
11/17/2004,10549.57
11/18/2004,10572.55
11/19/2004,10456.91
11/22/2004,10489.72
11/23/2004,10492.6
11/24/2004,10520.31
11/26/2004,10522.23
11/29/2004,10475.9
11/30/2004,10428.02
12/1/2004,10590.22
12/2/2004,10585.12
12/3/2004,10592.21
12/6/2004,10547.06
12/7/2004,10440.58
12/8/2004,10494.23
12/9/2004,10552.82
12/10/2004,10543.22
12/13/2004,10638.32
12/14/2004,10676.45
12/15/2004,10691.45
12/16/2004,10705.64
12/17/2004,10649.92
12/20/2004,10661.66
12/21/2004,10759.43
12/22/2004,10815.89
12/23/2004,10827.12
12/27/2004,10776.13
12/28/2004,10854.54
12/29/2004,10829.19
12/30/2004,10800.3
12/31/2004,10783.01
1/3/2005,10729.43
1/4/2005,10630.78
1/5/2005,10597.83
1/6/2005,10622.88
1/7/2005,10603.96
1/10/2005,10621.03
1/11/2005,10556.22
1/12/2005,10617.78
1/13/2005,10505.83
1/14/2005,10558
1/18/2005,10628.79
1/19/2005,10539.97
1/20/2005,10471.47
1/21/2005,10392.99
1/24/2005,10368.61
1/25/2005,10461.56
1/26/2005,10498.59
1/27/2005,10467.4
1/28/2005,10420.2
1/31/2005,10489.94
2/1/2005,10551.94
2/2/2005,10596.79
2/3/2005,10593.1
2/4/2005,10716.13
2/7/2005,10715.76
2/8/2005,10724.63
2/9/2005,10664.11
2/10/2005,10749.61
2/11/2005,10796.01
2/14/2005,10791.13
2/15/2005,10837.32
2/16/2005,10834.88
2/17/2005,10754.26
2/18/2005,10785.22
2/22/2005,10611.2
2/23/2005,10673.79
2/24/2005,10748.79
2/25/2005,10841.6
2/28/2005,10766.23
3/1/2005,10830
3/2/2005,10811.97
3/3/2005,10833.03
3/4/2005,10940.55
3/7/2005,10936.86
3/8/2005,10912.62
3/9/2005,10805.62
3/10/2005,10851.51
3/11/2005,10774.36
3/14/2005,10804.51
3/15/2005,10745.1
3/16/2005,10633.07
3/17/2005,10626.35
3/18/2005,10629.67
3/21/2005,10565.29
3/22/2005,10470.51
3/23/2005,10456.02
3/24/2005,10442.87
3/28/2005,10485.65
3/29/2005,10405.7
3/30/2005,10540.93
3/31/2005,10503.76
4/1/2005,10404.3
4/4/2005,10421.14
4/5/2005,10458.46
4/6/2005,10486.02
4/7/2005,10546.32
4/8/2005,10461.34
4/11/2005,10448.56
4/12/2005,10507.97
4/13/2005,10403.93
4/14/2005,10278.75
4/15/2005,10087.51
4/18/2005,10071.25
4/19/2005,10127.41
4/20/2005,10012.36
4/21/2005,10218.6
4/22/2005,10157.71
4/25/2005,10242.47
4/26/2005,10151.13
4/27/2005,10198.8
4/28/2005,10070.37
4/29/2005,10192.51
5/2/2005,10251.7
5/3/2005,10256.95
5/4/2005,10384.64
5/5/2005,10340.48
5/6/2005,10345.4
5/9/2005,10384.34
5/10/2005,10281.11
5/11/2005,10300.25
5/12/2005,10189.48
5/13/2005,10140.12
5/16/2005,10252.29
5/17/2005,10331.88
5/18/2005,10464.45
5/19/2005,10493.19
5/20/2005,10471.91
5/23/2005,10523.56
5/24/2005,10503.68
5/25/2005,10457.8
5/26/2005,10537.6
5/27/2005,10542.55
5/31/2005,10467.48
6/1/2005,10549.87
6/2/2005,10553.49
6/3/2005,10460.97
6/6/2005,10467.03
6/7/2005,10483.07
6/8/2005,10476.86
6/9/2005,10503.02
6/10/2005,10512.63
6/13/2005,10522.56
6/14/2005,10547.57
6/15/2005,10566.37
6/16/2005,10578.65
6/17/2005,10623.07
6/20/2005,10609.11
6/21/2005,10599.67
6/22/2005,10587.93
6/23/2005,10421.44
6/24/2005,10297.84
6/27/2005,10290.78
6/28/2005,10405.63
6/29/2005,10374.48
6/30/2005,10274.97
7/1/2005,10303.44
7/5/2005,10371.8
7/6/2005,10270.68
7/7/2005,10302.29
7/8/2005,10449.14
7/11/2005,10519.72
7/12/2005,10513.89
7/13/2005,10557.39
7/14/2005,10628.89
7/15/2005,10640.83
7/18/2005,10574.99
7/19/2005,10646.56
7/20/2005,10689.15
7/21/2005,10627.77
7/22/2005,10651.18
7/25/2005,10596.48
7/26/2005,10579.77
7/27/2005,10637.09
7/28/2005,10705.55
7/29/2005,10640.91
8/1/2005,10623.15
8/2/2005,10683.74
8/3/2005,10697.59
8/4/2005,10610.1
8/5/2005,10588.03
8/8/2005,10536.93
8/9/2005,10615.67
8/10/2005,10594.41
8/11/2005,10685.59
8/12/2005,10600.31
8/15/2005,10634.38
8/16/2005,10513.45
8/17/2005,10550.71
8/18/2005,10554.93
8/19/2005,10559.23
8/22/2005,10569.89
8/23/2005,10519.58
8/24/2005,10434.87
8/25/2005,10450.63
8/26/2005,10397.29
8/29/2005,10463.05
8/30/2005,10412.82
8/31/2005,10481.6
9/1/2005,10459.63
9/2/2005,10447.37
9/6/2005,10589.24
9/7/2005,10633.5
9/8/2005,10595.93
9/9/2005,10678.56
9/12/2005,10682.94
9/13/2005,10592.44
9/14/2005,10544.9
9/15/2005,10558.75
9/16/2005,10641.94
9/19/2005,10557.63
9/20/2005,10481.52
9/21/2005,10378.03
9/22/2005,10422.05
9/23/2005,10419.59
9/26/2005,10443.63
9/27/2005,10456.21
9/28/2005,10473.09
9/29/2005,10552.78
9/30/2005,10568.7
10/3/2005,10535.48
10/4/2005,10434.79
10/5/2005,10317.36
10/6/2005,10278.1
10/7/2005,10292.31
10/10/2005,10238.76
10/11/2005,10253.17
10/12/2005,10216.91
10/13/2005,10216.59
10/14/2005,10287.34
10/17/2005,10348.1
10/18/2005,10285.26
10/19/2005,10414.13
10/20/2005,10281.1
10/21/2005,10215.22
10/24/2005,10385
10/25/2005,10377.87
10/26/2005,10344.98
10/27/2005,10229.95
10/28/2005,10402.77
10/31/2005,10440.07
11/1/2005,10406.77
11/2/2005,10472.73
11/3/2005,10522.59
11/4/2005,10530.76
11/7/2005,10586.23
11/8/2005,10539.72
11/9/2005,10546.21
11/10/2005,10530.76
11/11/2005,10686.04
11/14/2005,10697.17
11/15/2005,10686.44
11/16/2005,10674.76
11/17/2005,10720.22
11/18/2005,10766.33
11/21/2005,10820.28
11/22/2005,10871.43
11/23/2005,10916.09
11/25/2005,10931.62
11/28/2005,10890.72
11/29/2005,10888.16
11/30/2005,10805.87
12/1/2005,10912.57
12/2/2005,10877.51
12/5/2005,10835.01
12/6/2005,10856.86
12/7/2005,10801.91
12/8/2005,10755.12
12/9/2005,10778.58
12/12/2005,10767.77
12/13/2005,10823.72
12/14/2005,10883.51
12/15/2005,10881.67
12/16/2005,10875.59
12/19/2005,10836.53
12/20/2005,10805.55
12/21/2005,10833.73
12/22/2005,10889.54
12/23/2005,10883.27
12/27/2005,10777.77
12/28/2005,10796.26
12/29/2005,10784.82
12/30/2005,10717.5
1/3/2006,10847.41
1/4/2006,10880.15
1/5/2006,10882.15
1/6/2006,10959.31
1/9/2006,11011.9
1/10/2006,11011.58
1/11/2006,11043.44
1/12/2006,10932.36
1/13/2006,10959.87
1/17/2006,10896.32
1/18/2006,10854.86
1/19/2006,10880.71
1/20/2006,10667.39
1/23/2006,10688.77
1/24/2006,10712.22
1/25/2006,10709.74
1/26/2006,10809.47
1/27/2006,10907.21
1/30/2006,10899.92
1/31/2006,10824.86
2/1/2006,10953.95
2/2/2006,10851.98
2/3/2006,10793.62
2/6/2006,10798.27
2/7/2006,10749.76
2/8/2006,10858.62
2/9/2006,10883.35
2/10/2006,10919.05
2/13/2006,10892.32
2/14/2006,11028.39
2/15/2006,11058.97
2/16/2006,11120.68
2/17/2006,11115.32
2/21/2006,11069.06
2/22/2006,11137.17
2/23/2006,11069.22
2/24/2006,11061.85
2/27/2006,11097.55
2/28/2006,10993.41
3/1/2006,11053.53
3/2/2006,11025.51
3/3/2006,11021.59
3/6/2006,10958.59
3/7/2006,10980.69
3/8/2006,11005.74
3/9/2006,10972.28
3/10/2006,11076.34
3/13/2006,11076.02
3/14/2006,11151.34
3/15/2006,11209.77
3/16/2006,11253.24
3/17/2006,11279.64
3/20/2006,11274.53
3/21/2006,11235.47
3/22/2006,11317.43
3/23/2006,11270.29
3/24/2006,11279.97
3/27/2006,11250.11
3/28/2006,11154.54
3/29/2006,11215.7
3/30/2006,11150.7
3/31/2006,11109.32
4/3/2006,11144.94
4/4/2006,11203.85
4/5/2006,11239.55
4/6/2006,11216.5
4/7/2006,11120.04
4/10/2006,11141.33
4/11/2006,11089.63
4/12/2006,11129.97
4/13/2006,11137.65
4/17/2006,11073.78
4/18/2006,11263.77
4/19/2006,11287.77
4/20/2006,11342.89
4/21/2006,11347.45
4/24/2006,11336.32
4/25/2006,11283.25
4/26/2006,11354.49
4/27/2006,11382.51
4/28/2006,11367.14
5/1/2006,11343.29
5/2/2006,11416.45
5/3/2006,11400.28
5/4/2006,11438.86
5/5/2006,11577.74
5/8/2006,11584.54
5/9/2006,11639.77
5/10/2006,11642.65
5/11/2006,11500.73
5/12/2006,11380.99
5/15/2006,11428.77
5/16/2006,11419.89
5/17/2006,11205.61
5/18/2006,11128.29
5/19/2006,11144.06
5/22/2006,11125.33
5/23/2006,11098.35
5/24/2006,11117.32
5/25/2006,11211.05
5/26/2006,11278.61
5/30/2006,11094.43
5/31/2006,11168.31
6/1/2006,11260.28
6/2/2006,11247.87
6/5/2006,11048.72
6/6/2006,11002.14
6/7/2006,10930.9
6/8/2006,10938.82
6/9/2006,10891.92
6/12/2006,10792.48
6/13/2006,10706.14
6/14/2006,10816.92
6/15/2006,11015.19
6/16/2006,11014.55
6/19/2006,10942.11
6/20/2006,10974.84
6/21/2006,11079.46
6/22/2006,11019.11
6/23/2006,10989.09
6/26/2006,11045.28
6/27/2006,10924.74
6/28/2006,10973.56
6/29/2006,11190.8
6/30/2006,11150.22
7/3/2006,11228.02
7/5/2006,11151.82
7/6/2006,11225.3
7/7/2006,11090.67
7/10/2006,11103.55
7/11/2006,11134.77
7/12/2006,11013.18
7/13/2006,10846.29
7/14/2006,10739.35
7/17/2006,10747.36
7/18/2006,10799.23
7/19/2006,11011.42
7/20/2006,10928.1
7/21/2006,10868.38
7/24/2006,11051.05
7/25/2006,11103.71
7/26/2006,11102.51
7/27/2006,11100.43
7/28/2006,11219.7
7/31/2006,11185.68
8/1/2006,11125.73
8/2/2006,11199.93
8/3/2006,11242.59
8/4/2006,11240.35
8/7/2006,11219.38
8/8/2006,11173.59
8/9/2006,11076.18
8/10/2006,11124.37
8/11/2006,11088.03
8/14/2006,11097.87
8/15/2006,11230.26
8/16/2006,11327.12
8/17/2006,11334.96
8/18/2006,11381.47
8/21/2006,11345.05
8/22/2006,11339.84
8/23/2006,11297.9
8/24/2006,11304.46
8/25/2006,11284.05
8/28/2006,11352.01
8/29/2006,11369.94
8/30/2006,11382.91
8/31/2006,11381.15
9/1/2006,11464.25
9/5/2006,11469.28
9/6/2006,11406.2
9/7/2006,11331.44
9/8/2006,11392.11
9/11/2006,11396.84
9/12/2006,11498.09
9/13/2006,11543.32
9/14/2006,11527.39
9/15/2006,11560.77
9/18/2006,11555
9/19/2006,11540.91
9/20/2006,11613.19
9/21/2006,11533.23
9/22/2006,11508.1
9/25/2006,11575.81
9/26/2006,11669.39
9/27/2006,11689.24
9/28/2006,11718.45
9/29/2006,11679.07
10/2/2006,11670.35
10/3/2006,11727.34
10/4/2006,11850.61
10/5/2006,11866.69
10/6/2006,11850.21
10/9/2006,11857.81
10/10/2006,11867.17
10/11/2006,11852.13
10/12/2006,11947.7
10/13/2006,11960.51
10/16/2006,11980.6
10/17/2006,11950.02
10/18/2006,11992.68
10/19/2006,12011.73
10/20/2006,12002.37
10/23/2006,12116.91
10/24/2006,12127.88
10/25/2006,12134.68
10/26/2006,12163.66
10/27/2006,12090.26
10/30/2006,12086.5
10/31/2006,12080.73
11/1/2006,12031.02
11/2/2006,12018.54
11/3/2006,11986.04
11/6/2006,12105.55
11/7/2006,12156.77
11/8/2006,12176.54
11/9/2006,12103.3
11/10/2006,12108.43
11/13/2006,12131.88
11/14/2006,12218.01
11/15/2006,12251.71
11/16/2006,12305.82
11/17/2006,12342.58
11/20/2006,12316.54
11/21/2006,12321.59
11/22/2006,12326.95
11/24/2006,12280.17
11/27/2006,12121.71
11/28/2006,12136.45
11/29/2006,12226.73
11/30/2006,12221.93
12/1/2006,12194.13
12/4/2006,12283.85
12/5/2006,12331.6
12/6/2006,12309.25
12/7/2006,12278.43
12/8/2006,12307.49
12/11/2006,12328.48
12/12/2006,12315.58
12/13/2006,12317.5
12/14/2006,12416.76
12/15/2006,12445.92
12/18/2006,12441.27
12/19/2006,12471.32
12/20/2006,12463.87
12/21/2006,12421.25
12/22/2006,12343.22
12/26/2006,12407.63
12/27/2006,12510.57
12/28/2006,12501.52
12/29/2006,12463.15
1/3/2007,12474.52
1/4/2007,12480.69
1/5/2007,12398.01
1/8/2007,12423.49
1/9/2007,12416.6
1/10/2007,12442
1/11/2007,12514.98
1/12/2007,12556.08
1/16/2007,12582.59
1/17/2007,12577.15
1/18/2007,12567.93
1/19/2007,12565.93
1/22/2007,12477.16
1/23/2007,12533.81
1/24/2007,12621.77
1/25/2007,12502.56
1/26/2007,12487.02
1/29/2007,12490.78
1/30/2007,12523.31
1/31/2007,12621.69
2/1/2007,12673.68
2/2/2007,12653.49
2/5/2007,12661.75
2/6/2007,12666.31
2/7/2007,12666.87
2/8/2007,12637.63
2/9/2007,12580.83
2/12/2007,12552.56
2/13/2007,12654.85
2/14/2007,12741.86
2/15/2007,12765.01
2/16/2007,12767.57
2/20/2007,12786.64
2/21/2007,12738.41
2/22/2007,12686.02
2/23/2007,12647.48
2/26/2007,12632.26
2/27/2007,12216.24
2/28/2007,12268.63
3/1/2007,12234.34
3/2/2007,12114.1
3/5/2007,12050.41
3/6/2007,12207.59
3/7/2007,12192.45
3/8/2007,12260.7
3/9/2007,12276.32
3/12/2007,12318.63
3/13/2007,12075.96
3/14/2007,12133.4
3/15/2007,12159.68
3/16/2007,12110.41
3/19/2007,12226.17
3/20/2007,12288.1
3/21/2007,12447.52
3/22/2007,12461.14
3/23/2007,12481.01
3/26/2007,12469.07
3/27/2007,12397.29
3/28/2007,12300.36
3/29/2007,12348.75
3/30/2007,12354.35
4/2/2007,12382.3
4/3/2007,12510.93
4/4/2007,12530.05
4/5/2007,12560.83
4/9/2007,12569.14
4/10/2007,12574.48
4/11/2007,12484.62
4/12/2007,12552.96
4/13/2007,12612.13
4/16/2007,12720.46
4/17/2007,12773.04
4/18/2007,12803.84
4/19/2007,12808.63
4/20/2007,12961.98
4/23/2007,12919.4
4/24/2007,12953.94
4/25/2007,13089.89
4/26/2007,13105.5
4/27/2007,13120.94
4/30/2007,13062.91
5/1/2007,13136.14
5/2/2007,13211.88
5/3/2007,13241.38
5/4/2007,13264.62
5/7/2007,13312.97
5/8/2007,13309.07
5/9/2007,13362.87
5/10/2007,13215.13
5/11/2007,13326.22
5/14/2007,13346.78
5/15/2007,13383.84
5/16/2007,13487.53
5/17/2007,13476.72
5/18/2007,13556.53
5/21/2007,13542.88
5/22/2007,13539.95
5/23/2007,13525.65
5/24/2007,13441.13
5/25/2007,13507.28
5/29/2007,13521.34
5/30/2007,13633.08
5/31/2007,13627.64
6/1/2007,13668.11
6/4/2007,13676.32
6/5/2007,13595.46
6/6/2007,13465.67
6/7/2007,13266.73
6/8/2007,13424.39
6/11/2007,13424.96
6/12/2007,13295.01
6/13/2007,13482.35
6/14/2007,13553.73
6/15/2007,13639.48
6/18/2007,13612.98
6/19/2007,13635.42
6/20/2007,13489.42
6/21/2007,13545.84
6/22/2007,13360.26
6/25/2007,13352.05
6/26/2007,13337.66
6/27/2007,13427.73
6/28/2007,13422.28
6/29/2007,13408.62
7/2/2007,13535.43
7/3/2007,13577.3
7/5/2007,13565.84
7/6/2007,13611.68
7/9/2007,13649.97
7/10/2007,13501.7
7/11/2007,13577.87
7/12/2007,13861.73
7/13/2007,13907.25
7/16/2007,13950.98
7/17/2007,13971.55
7/18/2007,13918.22
7/19/2007,14000.41
7/20/2007,13851.08
7/23/2007,13943.42
7/24/2007,13716.95
7/25/2007,13785.79
7/26/2007,13473.57
7/27/2007,13265.47
7/30/2007,13358.31
7/31/2007,13211.99
8/1/2007,13362.37
8/2/2007,13463.33
8/3/2007,13181.91
8/6/2007,13468.78
8/7/2007,13504.3
8/8/2007,13657.86
8/9/2007,13270.68
8/10/2007,13239.54
8/13/2007,13236.53
8/14/2007,13028.92
8/15/2007,12861.47
8/16/2007,12845
8/17/2007,13079.08
8/20/2007,13121.35
8/21/2007,13090.86
8/22/2007,13236.13
8/23/2007,13235.88
8/24/2007,13378.87
8/27/2007,13322.13
8/28/2007,13041.85
8/29/2007,13289.29
8/30/2007,13238.73
8/31/2007,13357.74
9/4/2007,13448.66
9/5/2007,13305.47
9/6/2007,13363.35
9/7/2007,13113.38
9/10/2007,13127.85
9/11/2007,13308.39
9/12/2007,13291.65
9/13/2007,13424.88
9/14/2007,13442.52
9/17/2007,13403.42
9/18/2007,13739.39
9/19/2007,13815.56
9/20/2007,13766.7
9/21/2007,13820.19
9/24/2007,13759.06
9/25/2007,13778.65
9/26/2007,13878.15
9/27/2007,13912.94
9/28/2007,13895.63
10/1/2007,14087.55
10/2/2007,14047.31
10/3/2007,13968.05
10/4/2007,13974.31
10/5/2007,14066.01
10/8/2007,14043.73
10/9/2007,14164.53
10/10/2007,14078.69
10/11/2007,14015.12
10/12/2007,14093.08
10/15/2007,13984.8
10/16/2007,13912.94
10/17/2007,13892.54
10/18/2007,13888.96
10/19/2007,13522.02
10/22/2007,13566.97
10/23/2007,13676.23
10/24/2007,13675.25
10/25/2007,13671.92
10/26/2007,13806.7
10/29/2007,13870.26
10/30/2007,13792.47
10/31/2007,13930.01
11/1/2007,13567.67
11/2/2007,13595.1
11/5/2007,13543.4
11/6/2007,13660.94
11/7/2007,13300.02
11/8/2007,13266.29
11/9/2007,13042.74
11/12/2007,12987.55
11/13/2007,13307.09
11/14/2007,13231.01
11/15/2007,13110.15
11/16/2007,13176.79
11/19/2007,12958.44
11/20/2007,13010.14
11/21/2007,12799.04
11/23/2007,12980.88
11/26/2007,12743.44
11/27/2007,12958.44
11/28/2007,13289.45
11/29/2007,13311.73
11/30/2007,13371.72
12/3/2007,13314.57
12/4/2007,13248.73
12/5/2007,13444.96
12/6/2007,13619.89
12/7/2007,13625.58
12/10/2007,13727.03
12/11/2007,13432.77
12/12/2007,13473.9
12/13/2007,13517.96
12/14/2007,13339.85
12/17/2007,13167.2
